<?xml version="1.0"?>
<object name="portal_types">
 <object name="PSCDocumentationFolder"
    meta_type="Factory-based Type Information with dynamic views"/>
 <object name="PSCFile"
    meta_type="Factory-based Type Information with dynamic views"/>
 <object name="PSCFileLink"
    meta_type="Factory-based Type Information with dynamic views"/>
 <object name="PSCImprovementProposal"
    meta_type="Factory-based Type Information with dynamic views"/>
 <object name="PSCImprovementProposalFolder"
    meta_type="Factory-based Type Information with dynamic views"/>
 <object name="PSCProject"
    meta_type="Factory-based Type Information with dynamic views"/>
 <object name="PSCRelease"
    meta_type="Factory-based Type Information with dynamic views"/>
 <object name="PSCReleaseFolder"
    meta_type="Factory-based Type Information with dynamic views"/>
 <object name="PloneSoftwareCenter"
    meta_type="Factory-based Type Information with dynamic views"/>
</object>
