<?xml version="1.0"?>
<object name="FormFolder"
   meta_type="Factory-based Type Information with dynamic views"
   xmlns:i18n="http://xml.zope.org/namespaces/i18n"
   i18n:domain="ploneformgen">
 <property name="title" i18n:translate="Form Folder">Form Folder</property>
 <property
    name="description" i18n:translate="A folder which can contain form fields">A folder which can contain form fields.</property>
 <property name="content_icon">Form.gif</property>
 <property name="content_meta_type">FormFolder</property>
 <property name="product">PloneFormGen</property>
 <property name="factory">addFormFolder</property>
 <property name="immediate_view">fg_base_view_p3</property>
 <property name="global_allow">True</property>
 <property name="filter_content_types">True</property>
 <property name="allowed_content_types" purge="False">
  <!--
    Although we're listing these fields here,
    the real work of setting allowed types
    is done in setuphandlers.py.
  -->
  <element value="FormSelectionField"/>
  <element value="FormMultiSelectionField"/>
  <element value="FormLabelField"/>
  <element value="FormDateField"/>
  <element value="FormLinesField"/>
  <element value="FormIntegerField"/>
  <element value="FormBooleanField"/>
  <element value="FormPasswordField"/>
  <element value="FormFixedPointField"/>
  <element value="FormStringField"/>
  <element value="FormTextField"/>
  <element value="FormRichTextField"/>
  <element value="FormRichLabelField"/>
  <element value="FormFileField"/>
  <element value="FormLikertField"/>
  <element value="FormSaveDataAdapter"/>
  <element value="FormMailerAdapter"/>
  <element value="FormCustomScriptAdapter"/>
  <element value="FormThanksPage"/>
  <element value="FieldsetFolder"/>
  <element value="Document"/>
  <element value="Image"/>
 </property>
 <property name="allow_discussion">False</property>
 <property name="default_view">fg_base_view_p3</property>
 <property name="view_methods">
  <element value="fg_base_view_p3"/>
 </property>
 <property name="default_view_fallback">False</property>
 <alias from="(Default)" to="(dynamic view)"/>
 <alias from="edit" to="base_edit"/>
 <alias from="properties" to="base_metadata"/>
 <alias from="sharing" to="folder_localrole_form"/>
 <alias from="view" to="(selected layout)"/>
 <action title="View" action_id="view" category="object" condition_expr=""
    url_expr="string:${object_url}/view" visible="True">
  <permission value="View"/>
 </action>
 <action title="Edit" action_id="edit" category="object"
    condition_expr="not:object/@@plone_lock_info/is_locked_for_current_user"
    url_expr="string:${object_url}/edit" visible="True">
  <permission value="Modify portal content"/>
 </action>
 <action title="Properties" action_id="metadata" category="object"
    condition_expr="" url_expr="string:${object_url}/properties"
    visible="False">
  <permission value="Modify portal content"/>
 </action>
 <action title="References" action_id="references" category="object"
    condition_expr="object/archetype_tool/has_graphviz"
    url_expr="string:${object_url}/reference_graph" visible="False">
  <permission value="Modify portal content"/>
  <permission value="Review portal content"/>
 </action>
 <action title="QuickEdit" action_id="quickedit" category="object"
    condition_expr="not:object/@@plone_lock_info/is_locked_for_current_user"
    icon_expr="" link_target="" url_expr="string:${object_url}/quickedit"
    visible="True">
  <permission value="Modify portal content"/>
 </action>
</object>
