<?xml version="1.0" encoding="UTF-8"?>
<object name="portal_workflow" meta_type="Plone Workflow Tool">
 <object name="intranet_ploneboard_comment_workflow" meta_type="Workflow"/>
 <object name="intranet_ploneboard_editable_comment_workflow" meta_type="Workflow"/>
 <object name="intranet_ploneboard_conversation_workflow" meta_type="Workflow"/>
 <object name="intranet_ploneboard_forum_workflow" meta_type="Workflow"/>
 <object name="intranet_ploneboard_workflow" meta_type="Workflow"/>
 <bindings>
  <type type_id="Ploneboard">
   <bound-workflow workflow_id="intranet_ploneboard_workflow"/>
  </type>
  <type type_id="PloneboardComment">
   <bound-workflow workflow_id="intranet_ploneboard_comment_workflow"/>
  </type>
  <type type_id="PloneboardConversation">
   <bound-workflow workflow_id="intranet_ploneboard_conversation_workflow"/>
  </type>
  <type type_id="PloneboardForum">
   <bound-workflow workflow_id="intranet_ploneboard_forum_workflow"/>
  </type>
 </bindings>
</object>
