<?xml version="1.0"?>
<object name="FormOnline"
   meta_type="Factory-based Type Information with dynamic views"
   i18n:domain="auslfe.formonline.content" xmlns:i18n="http://xml.zope.org/namespaces/i18n">
  <property name="title" i18n:translate="">Form Online</property>
  <property name="description"
    i18n:translate=""></property>
  <property name="content_meta_type">FormOnline</property>
  <property name="content_icon">++resource++auslfe.formonline.content.images/downloaddocument.gif</property>
  <property name="product">auslfe.formonline.content</property>
  <property name="factory">addFormOnline</property>
  <property name="immediate_view">atct_edit</property>
  <property name="global_allow">True</property>
  <property name="filter_content_types">False</property>
  <property name="allow_discussion">False</property>
  <property name="default_view">document_view</property>
  <property name="view_methods">
    <element value="document_view" />
  </property>
  <alias from="(Default)" to="(dynamic view)" />
  <alias from="edit" to="atct_edit" />
  <alias from="sharing" to="@@sharing" />
  <alias from="view" to="(selected layout)" />
  <action title="View" action_id="view" category="object" condition_expr=""
    url_expr="string:${object_url}/" visible="True">
    <permission value="View" />
  </action>
  <action title="Edit" action_id="edit" category="object" condition_expr=""
    url_expr="string:${object_url}/edit" visible="True">
    <permission value="Modify portal content" />
  </action>
</object>
