<?xml version="1.0"?>
<dc-workflow xmlns:i18n="http://xml.zope.org/namespaces/i18n"
             i18n:domain="plone"
             workflow_id="formonline_workflow"
             title="Form Online Workflow"
             description="Workflow for Form Online documents."
             state_variable="review_state"
             initial_state="private"
			 i18n:attributes="title; description">
 <permission>Access contents information</permission>
 <permission>List folder contents</permission>
 <permission>Modify portal content</permission>
 <permission>Sharing page: Delegate roles</permission>
 <permission>View</permission>
 <state state_id="dispatch" title="Dispatch" i18n:attributes="title">
  <exit-transition transition_id="retract"/>
  <permission-map name="Access contents information"
                  acquired="False">
   <permission-role>Editor</permission-role>
   <permission-role>Manager</permission-role>
   <permission-role>Site Administrator</permission-role>
   <permission-role>Owner</permission-role>
   <permission-role>Reviewer</permission-role>
  </permission-map>
  <permission-map name="List folder contents"
                  acquired="False">
   <permission-role>Editor</permission-role>
   <permission-role>Manager</permission-role>
   <permission-role>Site Administrator</permission-role>
   <permission-role>Owner</permission-role>
   <permission-role>Reviewer</permission-role>
  </permission-map>
  <permission-map name="Modify portal content"
                  acquired="False">
   <permission-role>Manager</permission-role>
   <permission-role>Site Administrator</permission-role>
  </permission-map>
  <permission-map name="Sharing page: Delegate roles"
                  acquired="False">
   <permission-role>Manager</permission-role>
   <permission-role>Site Administrator</permission-role>
  </permission-map>
  <permission-map name="View" acquired="False">
   <permission-role>Editor</permission-role>
   <permission-role>Manager</permission-role>
   <permission-role>Site Administrator</permission-role>
   <permission-role>Owner</permission-role>
   <permission-role>Reviewer</permission-role>
  </permission-map>
 </state>
 <state state_id="pending_approval" title="Pending Approval" i18n:attributes="title">
  <exit-transition transition_id="approval"/>
  <exit-transition transition_id="retract_approval"/>
  <permission-map name="Access contents information"
                  acquired="False">
   <permission-role>Editor</permission-role>
   <permission-role>Manager</permission-role>
   <permission-role>Site Administrator</permission-role>
   <permission-role>Owner</permission-role>
   <permission-role>Reviewer</permission-role>
  </permission-map>
  <permission-map name="List folder contents"
                  acquired="False">
   <permission-role>Editor</permission-role>
   <permission-role>Manager</permission-role>
   <permission-role>Site Administrator</permission-role>
   <permission-role>Owner</permission-role>
   <permission-role>Reviewer</permission-role>
  </permission-map>
  <permission-map name="Modify portal content"
                  acquired="False">
   <permission-role>Editor</permission-role>
   <permission-role>Manager</permission-role>
   <permission-role>Site Administrator</permission-role>
  </permission-map>
  <permission-map name="Sharing page: Delegate roles"
                  acquired="False">
   <permission-role>Manager</permission-role>
   <permission-role>Site Administrator</permission-role>
  </permission-map>
  <permission-map name="View" acquired="False">
   <permission-role>Editor</permission-role>
   <permission-role>Manager</permission-role>
   <permission-role>Site Administrator</permission-role>
   <permission-role>Owner</permission-role>
   <permission-role>Reviewer</permission-role>
  </permission-map>
 </state>
 <state state_id="pending_dispatch" title="Pending Dispatch" i18n:attributes="title">
  <exit-transition transition_id="dispatch"/>
  <exit-transition transition_id="retract_dispatch"/>
  <permission-map name="Access contents information"
                  acquired="False">
   <permission-role>Editor</permission-role>
   <permission-role>Manager</permission-role>
   <permission-role>Site Administrator</permission-role>
   <permission-role>Owner</permission-role>
   <permission-role>Reviewer</permission-role>
  </permission-map>
  <permission-map name="List folder contents"
                  acquired="False">
   <permission-role>Editor</permission-role>
   <permission-role>Manager</permission-role>
   <permission-role>Site Administrator</permission-role>
   <permission-role>Owner</permission-role>
   <permission-role>Reviewer</permission-role>
  </permission-map>
  <permission-map name="Modify portal content"
                  acquired="False">
   <permission-role>Manager</permission-role>
   <permission-role>Site Administrator</permission-role>
  </permission-map>
  <permission-map name="Sharing page: Delegate roles"
                  acquired="False">
   <permission-role>Manager</permission-role>
   <permission-role>Site Administrator</permission-role>
  </permission-map>
  <permission-map name="View" acquired="False">
   <permission-role>Editor</permission-role>
   <permission-role>Manager</permission-role>
   <permission-role>Site Administrator</permission-role>
   <permission-role>Owner</permission-role>
   <permission-role>Reviewer</permission-role>
  </permission-map>
 </state>
 <state state_id="private" title="Private" i18n:attributes="title">
  <exit-transition transition_id="submit"/>
  <permission-map name="Access contents information"
                  acquired="False">
   <permission-role>Editor</permission-role>
   <permission-role>Manager</permission-role>
   <permission-role>Site Administrator</permission-role>
   <permission-role>Owner</permission-role>
   <permission-role>Reviewer</permission-role>
  </permission-map>
  <permission-map name="List folder contents"
                  acquired="False">
   <permission-role>Editor</permission-role>
   <permission-role>Manager</permission-role>
   <permission-role>Site Administrator</permission-role>
   <permission-role>Owner</permission-role>
   <permission-role>Reviewer</permission-role>
  </permission-map>
  <permission-map name="Modify portal content"
                  acquired="False">
   <permission-role>Manager</permission-role>
   <permission-role>Site Administrator</permission-role>
   <permission-role>Owner</permission-role>
  </permission-map>
  <permission-map name="Sharing page: Delegate roles"
                  acquired="False">
   <permission-role>Manager</permission-role>
   <permission-role>Site Administrator</permission-role>
  </permission-map>
  <permission-map name="View" acquired="False">
   <permission-role>Editor</permission-role>
   <permission-role>Manager</permission-role>
   <permission-role>Site Administrator</permission-role>
   <permission-role>Owner</permission-role>
   <permission-role>Reviewer</permission-role>
  </permission-map>
 </state>
 <transition transition_id="approval"
             title="Editor approves content"
             new_state="pending_dispatch" trigger="USER"
             before_script="" after_script=""
			 i18n:attributes="title">
  <action url="%(content_url)s/content_status_modify?workflow_action=approval"
          category="workflow"
		  i18n:translate="">Approve content</action>
  <guard>
   <guard-permission>Modify portal content</guard-permission>
  </guard>
 </transition>
 <transition transition_id="dispatch"
             title="Reviewer dispatch content "
             new_state="dispatch" trigger="USER"
             before_script="" after_script=""
			 i18n:attributes="title">
  <action url="%(content_url)s/content_status_modify?workflow_action=dispatch"
          category="workflow"
		  i18n:translate="">Dispatch content</action>
  <guard>
   <guard-permission>Review portal content</guard-permission>
  </guard>
 </transition>
 <transition transition_id="retract"
             title="Manager retracts submission"
             new_state="private" trigger="USER"
             before_script="" after_script=""
			 i18n:attributes="title">
  <action url="%(content_url)s/content_status_modify?workflow_action=retract"
          category="workflow"
		  i18n:translate="">Retract content</action>
  <guard>
   <guard-role>Manager</guard-role>
   <guard-role>Site Administrator</guard-role>
  </guard>
 </transition>
 <transition transition_id="retract_approval"
             title="Editor and Manager retract approval"
             new_state="private" trigger="USER"
             before_script="" after_script=""
			 i18n:attributes="title">
  <action url="%(content_url)s/content_status_modify?workflow_action=retract_approval"
          category="workflow"
		  i18n:translate="">Retract content</action>
  <guard>
   <guard-permission>Modify portal content</guard-permission>
  </guard>
 </transition>
 <transition transition_id="retract_dispatch"
             title="Reviewer and Manager retract dispatch"
             new_state="private" trigger="USER"
             before_script="" after_script=""
			 i18n:attributes="title">
  <action url="%(content_url)s/content_status_modify?workflow_action=retract_dispatch"
          category="workflow"
		  i18n:translate="">Retract content</action>
  <guard>
   <guard-permission>Review portal content</guard-permission>
  </guard>
 </transition>
 <transition transition_id="submit"
             title="Owner submits content for approval"
             new_state="pending_approval" trigger="USER"
             before_script="" after_script=""
			 i18n:attributes="title">
  <action url="%(content_url)s/content_status_modify?workflow_action=submit"
          category="workflow"
		  i18n:translate="">Submit for approval</action>
  <guard>
   <guard-permission>Request review</guard-permission>
  </guard>
 </transition>
 <worklist worklist_id="reviewer_queue" title="">
  <description>Reviewer tasks</description>
  <action url="%(portal_url)s/search?review_state=pending_dispatch"
          category="global">Pending Dispatch (%(count)d)</action>
  <guard>
   <guard-permission>Review portal content</guard-permission>
  </guard>
  <match name="review_state" values="pending_dispatch"/>
 </worklist>
 <variable variable_id="action" for_catalog="False"
           for_status="True" update_always="True">
  <description>Previous transition</description>
  <default>
   
   <expression>transition/getId|nothing</expression>
  </default>
  <guard>
  </guard>
 </variable>
 <variable variable_id="actor" for_catalog="False"
           for_status="True" update_always="True">
  <description>The ID of the user who performed the previous transition</description>
  <default>
   
   <expression>user/getUserName</expression>
  </default>
  <guard>
  </guard>
 </variable>
 <variable variable_id="comments" for_catalog="False"
           for_status="True" update_always="True">
  <description>Comment about the last transition</description>
  <default>
   
   <expression>python:state_change.kwargs.get('comment', '')</expression>
  </default>
  <guard>
  </guard>
 </variable>
 <variable variable_id="review_history" for_catalog="False"
           for_status="False" update_always="False">
  <description>Provides access to workflow history</description>
  <default>
   
   <expression>state_change/getHistory</expression>
  </default>
  <guard>
   <guard-permission>Request review</guard-permission>
   <guard-permission>Review portal content</guard-permission>
  </guard>
 </variable>
 <variable variable_id="time" for_catalog="False"
           for_status="True" update_always="True">
  <description>When the previous transition was performed</description>
  <default>
   
   <expression>state_change/getDateTime</expression>
  </default>
  <guard>
  </guard>
 </variable>
</dc-workflow>
