<?xml version="1.0"?>
<dc-workflow xmlns:i18n="http://xml.zope.org/namespaces/i18n"
             i18n:domain="plone"
             workflow_id="psc_package_workflow"
             title="PSC Project workflow"
             description="A publication workflow for PSCProject objects"
             state_variable="review_state"
             initial_state="unapproved"
             manager_bypass="False"
             i18n:attributes="title; description">

 <permission>Access contents information</permission>
 <permission>Add portal content</permission>
 <permission>Modify portal content</permission>
 <permission>View</permission>

 <state state_id="featured" title="Featured" i18n:attributes="title">
  <description>This project should be featured on the home page</description>
  <exit-transition transition_id="publish"/>
  <permission-map name="Access contents information" acquired="True">
   <permission-role>Anonymous</permission-role>
   <permission-role>Manager</permission-role>
   <permission-role>Member</permission-role>
   <permission-role>Owner</permission-role>
   <permission-role>Reader</permission-role>
  </permission-map>
  <permission-map name="Add portal content" acquired="False">
   <permission-role>Contributor</permission-role>
   <permission-role>Manager</permission-role>
   <permission-role>Owner</permission-role>
  </permission-map>
  <permission-map name="Modify portal content" acquired="False">
   <permission-role>Editor</permission-role>
   <permission-role>Manager</permission-role>
   <permission-role>Owner</permission-role>
   <permission-role>Reviewer</permission-role>
  </permission-map>
  <permission-map name="View" acquired="True">
   <permission-role>Anonymous</permission-role>
   <permission-role>Manager</permission-role>
   <permission-role>Member</permission-role>
   <permission-role>Owner</permission-role>
   <permission-role>Reader</permission-role>
  </permission-map>
 </state>

 <state state_id="pending" title="Pending approval" i18n:attributes="title">
  <description i18n:translate="">This project is pending approval</description>
  <exit-transition transition_id="publish"/>
  <exit-transition transition_id="reject"/>
  <exit-transition transition_id="retract"/>
  <permission-map name="Access contents information" acquired="False">
   <permission-role>Manager</permission-role>
   <permission-role>Owner</permission-role>
   <permission-role>Reviewer</permission-role>
   <permission-role>Reader</permission-role>
  </permission-map>
  <permission-map name="Add portal content" acquired="False">
   <permission-role>Manager</permission-role>
   <permission-role>Owner</permission-role>
   <permission-role>Contributor</permission-role>
  </permission-map>
  <permission-map name="Modify portal content" acquired="False">
   <permission-role>Manager</permission-role>
   <permission-role>Owner</permission-role>
   <permission-role>Reviewer</permission-role>
   <permission-role>Editor</permission-role>
  </permission-map>
  <permission-map name="View" acquired="False">
   <permission-role>Manager</permission-role>
   <permission-role>Owner</permission-role>
   <permission-role>Reviewer</permission-role>
   <permission-role>Reader</permission-role>
  </permission-map>
 </state>

 <state state_id="published" title="Public" i18n:attributes="title">
  <description i18n:translate="">This project is Public</description>
  <exit-transition transition_id="feature"/>
  <exit-transition transition_id="reject"/>
  <exit-transition transition_id="retract"/>
  <permission-map name="Access contents information" acquired="True">
   <permission-role>Anonymous</permission-role>
   <permission-role>Manager</permission-role>
   <permission-role>Member</permission-role>
   <permission-role>Owner</permission-role>
   <permission-role>Reader</permission-role>
  </permission-map>
  <permission-map name="Add portal content" acquired="False">
   <permission-role>Manager</permission-role>
   <permission-role>Owner</permission-role>
   <permission-role>Contributor</permission-role>
  </permission-map>
  <permission-map name="Modify portal content" acquired="False">
   <permission-role>Manager</permission-role>
   <permission-role>Owner</permission-role>
   <permission-role>Reviewer</permission-role>
   <permission-role>PSCEvaluator</permission-role>
   <permission-role>Editor</permission-role>
  </permission-map>
  <permission-map name="View" acquired="True">
   <permission-role>Anonymous</permission-role>
   <permission-role>Manager</permission-role>
   <permission-role>Member</permission-role>
   <permission-role>Owner</permission-role>
   <permission-role>Reader</permission-role>
  </permission-map>
 </state>

 <state state_id="unapproved" title="Unapproved project" i18n:attributes="title">
  <description i18n:translate="">This project is unapproved</description>
  <exit-transition transition_id="publish"/>
  <exit-transition transition_id="submit"/>
  <permission-map name="Access contents information" acquired="False">
   <permission-role>Manager</permission-role>
   <permission-role>Owner</permission-role>
   <permission-role>Reader</permission-role>
  </permission-map>
  <permission-map name="Add portal content" acquired="False">
   <permission-role>Manager</permission-role>
   <permission-role>Owner</permission-role>
   <permission-role>Contributor</permission-role>
  </permission-map>
  <permission-map name="Modify portal content" acquired="False">
   <permission-role>Manager</permission-role>
   <permission-role>Owner</permission-role>
   <permission-role>Editor</permission-role>
  </permission-map>
  <permission-map name="View" acquired="False">
   <permission-role>Manager</permission-role>
   <permission-role>Owner</permission-role>
   <permission-role>Reader</permission-role>
  </permission-map>
 </state>

 <transition transition_id="feature"
             title="Publish, and set as featured"
             new_state="featured"
             trigger="USER" before_script="" after_script=""
             i18n:attributes="title">
  <description i18n:translate="">This project is publish, and set as featured</description>
  <action url="%(content_url)s/content_publish_form" category="workflow" icon=""
          i18n:translate="title_psc_wf_feature">Featured Project</action>
  <guard>
   <guard-permission>Review portal content</guard-permission>
  </guard>
 </transition>

 <transition transition_id="publish"
             title="Reviewer publishes content"
             new_state="published"
             trigger="USER" before_script="" after_script="give_reviewer_localrole"
             i18n:attributes="title">
  <description i18n:translate="">In this project the Reviewer publishes content</description>
  <action url="%(content_url)s/content_publish_form" category="workflow" icon=""
          i18n:translate="title_psc_wf_publish">Publish</action>
  <guard>
   <guard-permission>Review portal content</guard-permission>
  </guard>
 </transition>

 <transition transition_id="reject"
             title="Reviewer rejects submission"
             new_state="unapproved"
             trigger="USER" before_script="" after_script=""
             i18n:attributes="title">
  <description i18n:translate="">In this project the Reviewer rejects submission</description>
  <action url="%(content_url)s/content_reject_form" category="workflow" icon=""
          i18n:translate="title_psc_wf_reject">Reject</action>
  <guard>
   <guard-permission>Review portal content</guard-permission>
  </guard>
 </transition>

 <transition transition_id="retract"
             title="Member retracts submission"
             new_state="unapproved"
             trigger="USER" before_script="" after_script="take_reviewer_localrole"
             i18n:attributes="title">
  <description i18n:translate="">In this project the Member retracts submission</description>
  <action url="%(content_url)s/content_retract_form" category="workflow" icon=""
          i18n:translate="title_psc_wf_retract">Retract</action>
  <guard>
   <guard-permission>Request review</guard-permission>
  </guard>
 </transition>

 <transition transition_id="submit"
             title="Member requests publishing"
             new_state="pending"
             trigger="USER" before_script="" after_script=""
             i18n:attributes="title">
  <description i18n:translate="">In this project the Member requests publishing</description>
  <action url="%(content_url)s/content_submit_form" category="workflow" icon=""
          i18n:translate="title_psc_wf_submit">Submit for approval</action>
  <guard>
   <guard-permission>Request review</guard-permission>
  </guard>
 </transition>

 <worklist worklist_id="reviewer_queue" title="">
  <description>Reviewer tasks</description>
  <action url="%(portal_url)s/search?review_state=pending" category="global" icon="">Pending (%(count)d)</action>
  <guard>
   <guard-permission>Review portal content</guard-permission>
  </guard>
  <match name="review_state" values="pending"/>
 </worklist>
 <variable variable_id="action" for_catalog="False" for_status="True" update_always="True">
  <description>The last transition</description>
  <default>
   
   <expression>transition/getId|nothing</expression>
  </default>
  <guard>
  </guard>
 </variable>
 <variable variable_id="actor" for_catalog="False" for_status="True" update_always="True">
  <description>The ID of the user who performed the last transition</description>
  <default>
   
   <expression>user/getId</expression>
  </default>
  <guard>
  </guard>
 </variable>
 <variable variable_id="comments" for_catalog="False" for_status="True" update_always="True">
  <description>Comments about the last transition</description>
  <default>
   
   <expression>python:state_change.kwargs.get('comment', '')</expression>
  </default>
  <guard>
  </guard>
 </variable>
 <variable variable_id="review_history" for_catalog="False" for_status="False" update_always="False">
  <description>Provides access to workflow history</description>
  <default>
   
   <expression>state_change/getHistory</expression>
  </default>
  <guard>
   <guard-permission>Request review</guard-permission>
   <guard-permission>Review portal content</guard-permission>
  </guard>
 </variable>
 <variable variable_id="time" for_catalog="False" for_status="True" update_always="True">
  <description>Time of the last transition</description>
  <default>
   
   <expression>state_change/getDateTime</expression>
  </default>
  <guard>
  </guard>
 </variable>
 <script script_id="give_reviewer_localrole" type="External Method" filename="" module="PloneSoftwareCenter.WorkflowScripts" function="giveReviewerLocalrole"/>
 <script script_id="take_reviewer_localrole" type="External Method" filename="" module="PloneSoftwareCenter.WorkflowScripts" function="takeReviewerLocalrole"/>
</dc-workflow>
