<?xml version="1.0"?>
<object name="PloneSoftwareCenter"
   meta_type="Factory-based Type Information with dynamic views"
   xmlns:i18n="http://xml.zope.org/namespaces/i18n"
   i18n:domain="plone">

 <property name="title" i18n:translate="">Software Center</property>
 <property name="description" i18n:translate="">A simple folderish archetype for the Software Center.</property>
 <property name="content_icon">product_icon.gif</property>
 <property name="content_meta_type">PloneSoftwareCenter</property>
 <property name="product">PloneSoftwareCenter</property>
 <property name="factory">addPloneSoftwareCenter</property>
 <property name="immediate_view">plonesoftwarecenter_view</property>
 <property name="global_allow">True</property>
 <property name="filter_content_types">True</property>
 <property name="allowed_content_types">
  <element value="PSCProject"/>
 </property>
 <property name="allow_discussion">False</property>
 <property name="default_view">plonesoftwarecenter_view</property>
 <property name="view_methods">
  <element value="plonesoftwarecenter_view"/>
  <element value="plonesoftwarecenter_ploneorg"/>
  <element value="psc_view_ploneorg"/>
 </property>
 <property name="default_view_fallback">False</property>
 <alias from="(Default)" to="(dynamic view)"/>
 <alias from="edit" to="atct_edit"/>
 <alias from="index.html" to="(dynamic view)"/>
 <alias from="properties" to="base_metadata"/>
 <alias from="sharing" to="folder_localrole_form"/>
 <alias from="view" to="(selected layout)"/>
 <action title="View" action_id="view" category="object" condition_expr=""
    url_expr="string:${folder_url}/" visible="True">
  <permission value="View"/>
 </action>
 <action title="Edit" action_id="edit" category="object" condition_expr=""
    url_expr="string:${object_url}/edit" visible="True">
  <permission value="Modify portal content"/>
 </action>
 <action title="Properties" action_id="metadata" category="object"
    condition_expr="" url_expr="string:${object_url}/properties"
    visible="False">
  <permission value="Modify portal content"/>
 </action>
 <action title="References" action_id="references" category="object"
    condition_expr="object/archetype_tool/has_graphviz"
    url_expr="string:${object_url}/reference_graph" visible="False">
  <permission value="Modify portal content"/>
  <permission value="Review portal content"/>
 </action>
 <action title="Folder Listing" action_id="folderlisting" category="folder"
    condition_expr="object/isPrincipiaFolderish"
    url_expr="string:${folder_url}/view" visible="False">
  <permission value="View"/>
 </action>
</object>
