<?xml version="1.0"?>
<object name="FormOnlineAdapter"
   meta_type="Factory-based Type Information with dynamic views"
   i18n:domain="auslfe.formonline.pfgadapter" xmlns:i18n="http://xml.zope.org/namespaces/i18n">
 <property name="title" i18n:translate="">Form Online Adapter</property>
 <property
    name="description" i18n:translate="">A form action adapter that saves Form input data in the text field of a Form Online page</property>
 <property name="content_icon">++resource++auslfe.formonline.pfgadapter.images/dateok.gif</property>
 <property name="content_meta_type">FormOnlineAdapter</property>
 <property name="product">auslfe.formonline.pfgadapter</property>
 <property name="factory">addFormOnlineAdapter</property>
 <property name="immediate_view">atct_edit</property>
 <property name="global_allow">False</property>
 <property name="filter_content_types">False</property>
 <property name="allowed_content_types"/>
 <property name="allow_discussion">False</property>
 <property name="default_view">base_view</property>
 <property name="view_methods">
   <element value="base_view" />
 </property>
 <property name="default_view_fallback">False</property>
 <alias from="(Default)" to="(dynamic view)"/>
 <alias from="edit" to="base_edit"/>
 <alias from="properties" to="base_metadata"/>
 <alias from="sharing" to="folder_localrole_form"/>
 <alias from="view" to="(selected layout)"/>
 <action title="View" action_id="view" category="object" condition_expr=""
    url_expr="string:${object_url}/view" visible="True">
  <permission value="View"/>
 </action>
 <action title="Edit" action_id="edit" category="object"
    condition_expr="not:object/@@plone_lock_info/is_locked_for_current_user"
    url_expr="string:${object_url}/edit" visible="True">
  <permission value="Modify portal content"/>
 </action>
 <action title="Properties" action_id="metadata" category="object"
    condition_expr="" url_expr="string:${object_url}/properties"
    visible="False">
  <permission value="Modify portal content"/>
 </action>
 <action title="References" action_id="references" category="object"
    condition_expr="object/archetype_tool/has_graphviz"
    url_expr="string:${object_url}/reference_graph" visible="False">
  <permission value="Modify portal content"/>
  <permission value="Review portal content"/>
 </action>
</object>