<?xml version="1.0"?>
<object name="portal_properties">
  <object name="navtree_properties">
    <property name="metaTypesNotToList" type="lines" purge="False">
      <element value="PloneboardConversation"/>
      <element value="PloneboardComment"/>
    </property>
  </object>
  <object name="site_properties">
    <property name="types_not_searched" type="lines" purge="False">
      <element value="PloneboardConversation"/>
    </property>
    <property name="use_folder_tabs" type="lines" purge="False">
      <element value="Ploneboard"/>
      <element value="PloneboardConversation"/>
      <element value="PloneboardComment"/>
      <element value="PloneboardForum"/>
    </property>
    <property name="typesLinkToFolderContentsInFC" type="lines" purge="False">
      <element value="Ploneboard"/>
      <element value="PloneboardConversation"/>
      <element value="PloneboardComment"/>
      <element value="PloneboardForum"/>
    </property>
  </object>
</object>

