<?xml version="1.0"?>
<object name="portal_workflow">
  <object name="ploneboard_comment_workflow" meta_type="Workflow"/>
  <object name="ploneboard_editable_comment_workflow" meta_type="Workflow"/>
  <object name="ploneboard_conversation_workflow" meta_type="Workflow"/>
  <object name="ploneboard_forum_workflow" meta_type="Workflow"/>
  <object name="ploneboard_workflow" meta_type="Workflow"/>
  <bindings>
    <type type_id="Ploneboard">
      <bound-workflow workflow_id="ploneboard_workflow"/>
    </type>
    <type type_id="PloneboardComment">
      <bound-workflow workflow_id="ploneboard_comment_workflow"/>
    </type>
    <type type_id="PloneboardConversation">
      <bound-workflow workflow_id="ploneboard_conversation_workflow"/>
    </type>
    <type type_id="PloneboardForum">
      <bound-workflow workflow_id="ploneboard_forum_workflow"/>
    </type>
  </bindings>
</object>

