<?xml version="1.0"?>
<portlets
    xmlns:i18n="http://xml.zope.org/namespaces/i18n"
    i18n:domain="plone">
 <portlet
   addview="s17.portlets.birthday.BirthdayPortlet"
   title="Birthdays"
   description="Displays the names of the persons with upcoming birthdays in the following days."
   i18n:attributes="title; description">
    <for interface="plone.app.portlets.interfaces.IColumn" />
    <for interface="plone.app.portlets.interfaces.IDashboard" />
 </portlet>
 <portlet
   addview="s17.portlets.personprofile.PersonProfile"
   title="User Profile"
   description="Displays a portrait, some useful links and a list of content created by the current user."
   i18n:attributes="title; description">
    <for interface="plone.app.portlets.interfaces.IColumn" />
    <for interface="plone.app.portlets.interfaces.IDashboard" />
 </portlet>
 <portlet
   addview="s17.portlets.whitepages.WhitePagesPortlet"
   title="White Pages"
   description="Displays a search box to look for persons using their name."
   i18n:attributes="title; description">
    <for interface="plone.app.portlets.interfaces.IColumn" />
    <for interface="plone.app.portlets.interfaces.IDashboard" />
 </portlet>
</portlets>
