<?xml version="1.0"?>
<object name="PloneboardForum" meta_type="Factory-based Type Information"
   i18n:domain="ploneboard"
   xmlns:i18n="http://xml.zope.org/namespaces/i18n">
 <property name="title" i18n:translate="">Forum</property>
 <property name="description"
           i18n:translate="">A Forum contains conversations.</property>
 <property name="content_icon">ploneboard_forum_icon.gif</property>
 <property name="content_meta_type">PloneboardForum</property>
 <property name="product">Ploneboard</property>
 <property name="factory">addPloneboardForum</property>
 <property name="immediate_view">base_edit</property>
 <property name="global_allow">False</property>
 <property name="filter_content_types">True</property>
 <property name="allowed_content_types">
  <element value="PloneboardConversation"/>
 </property>
 <property name="allow_discussion">False</property>
 <alias from="(Default)" to="view"/>
 <alias from="edit" to="base_edit"/>
 <alias from="moderate" to="moderation_form"/>
 <alias from="rss-properties" to="synPropertiesForm"/>
 <alias from="sharing" to="@@sharing"/>
 <alias from="view" to="view"/>
 <action title="View" action_id="view" category="object" condition_expr=""
    url_expr="string:$object_url" visible="True">
  <permission value="View"/>
 </action>
 <action title="Edit" action_id="edit" category="object" condition_expr=""
    url_expr="string:$object_url/edit" visible="True">
  <permission value="Modify portal content"/>
 </action>
 <action title="References" action_id="references" category="object"
    condition_expr="object/archetype_tool/has_graphviz"
    url_expr="string:${object_url}/reference_graph" visible="True">
  <permission value="Modify portal content"/>
  <permission value="Review portal content"/>
 </action>
 <action title="Folder Listing" action_id="folderlisting" category="folder"
    condition_expr="object/isPrincipiaFolderish"
    url_expr="string:${folder_url}/view" visible="False">
  <permission value="View"/>
 </action>
 <action title="RSS Feed" action_id="rssfeed" category="object"
    condition_expr="" url_expr="string:$object_url/rss-properties"
    visible="True">
  <permission value="Modify portal content"/>
 </action>
 <action title="Moderate" action_id="moderate" category="object"
    condition_expr="" url_expr="string:$object_url/moderate" visible="True">
  <permission value="Ploneboard: Moderate Forum"/>
 </action>
</object>
