<?xml version="1.0"?>
<object name="portal_types" meta_type="Plone Types Tool">
 <object name="FieldsetFolder"
    meta_type="Factory-based Type Information with dynamic views"/>
 <object name="FormBooleanField"
    meta_type="Factory-based Type Information with dynamic views"/>
 <object name="FormCaptchaField"
    meta_type="Factory-based Type Information with dynamic views"/>
 <object name="FormCustomScriptAdapter"
    meta_type="Factory-based Type Information with dynamic views"/>
 <object name="FormDateField"
    meta_type="Factory-based Type Information with dynamic views"/>
 <object name="FormFileField"
    meta_type="Factory-based Type Information with dynamic views"/>
 <object name="FormFixedPointField"
    meta_type="Factory-based Type Information with dynamic views"/>
 <object name="FormFolder"
    meta_type="Factory-based Type Information with dynamic views"/>
 <object name="FormIntegerField"
    meta_type="Factory-based Type Information with dynamic views"/>
 <object name="FormLabelField"
    meta_type="Factory-based Type Information with dynamic views"/>
 <object name="FormLikertField"
    meta_type="Factory-based Type Information with dynamic views"/>
 <object name="FormLinesField"
    meta_type="Factory-based Type Information with dynamic views"/>
 <object name="FormMailerAdapter"
    meta_type="Factory-based Type Information with dynamic views"/>
 <object name="FormMultiSelectionField"
    meta_type="Factory-based Type Information with dynamic views"/>
 <object name="FormPasswordField"
    meta_type="Factory-based Type Information with dynamic views"/>
 <object name="FormRichLabelField"
    meta_type="Factory-based Type Information with dynamic views"/>
 <object name="FormRichTextField"
    meta_type="Factory-based Type Information with dynamic views"/>
 <object name="FormSaveDataAdapter"
    meta_type="Factory-based Type Information with dynamic views"/>
 <object name="FormSelectionField"
    meta_type="Factory-based Type Information with dynamic views"/>
 <object name="FormStringField"
    meta_type="Factory-based Type Information with dynamic views"/>
 <object name="FormTextField"
    meta_type="Factory-based Type Information with dynamic views"/>
 <object name="FormThanksPage"
    meta_type="Factory-based Type Information with dynamic views"/>
 <object name="FieldsetStart"
    meta_type="Factory-based Type Information with dynamic views"/>
 <object name="FieldsetEnd"
    meta_type="Factory-based Type Information with dynamic views"/>
</object>
