<?xml version="1.0"?>
<registry>

  <record name="plone.default_page_types">
    <value purge="False">
      <element>FormFolder</element>
    </value>
  </record>

    <records prefix="plone.resources/pfgquickedit"
             interface='Products.CMFPlone.interfaces.IResourceRegistry'>
        <value key="js">++plone++pfgquickedit/quickedit.js</value>
        <value key="css">
            <element>++plone++pfgquickedit/quickedit.less</element>
        </value>
    </records>

    <records prefix="plone.bundles/pfgquickedit"
             interface='Products.CMFPlone.interfaces.IBundleRegistry'>
        <value key="resources">
            <element>pfgquickedit</element>
        </value>
        <value key="expression">python: object.portal_type == 'FormFolder' and member is not None</value>
        <value key="enabled">True</value>
        <value key="compile">False</value>
        <value key="jscompilation">++plone++pfgquickedit/quickedit-min.js</value>
        <value key="csscompilation">++plone++pfgquickedit/quickedit.css</value>
        <!-- value key="csscompilation">++resource++Products.PloneFormGen.resources/quickedit.css</value -->
        <value key="last_compilation">2015-05-28 00:00:00</value>
    </records>

</registry>