<?xml version="1.0"?>
<object name="portal_workflow">
 <object name="psc_area_workflow" meta_type="Workflow"/>
 <object name="psc_improvementproposal_workflow" meta_type="Workflow"/>
 <object name="psc_package_workflow" meta_type="Workflow"/>
 <object name="psc_release_workflow" meta_type="Workflow"/>
 <bindings>
  <type type_id="PSCDocumentationFolder"/>
  <type type_id="PSCFile"/>
  <type type_id="PSCFileLink"/>
  <type type_id="PSCImprovementProposal">
   <bound-workflow workflow_id="psc_improvementproposal_workflow"/>
  </type>
  <type type_id="PSCImprovementProposalFolder"/>
  <type type_id="PSCProject">
   <bound-workflow workflow_id="psc_package_workflow"/>
  </type>
  <type type_id="PSCRelease">
   <bound-workflow workflow_id="psc_release_workflow"/>
  </type>
  <type type_id="PSCReleaseFolder"/>
  <type type_id="PloneSoftwareCenter">
   <bound-workflow workflow_id="psc_area_workflow"/>
  </type>
 </bindings>
</object>
