<?xml version="1.0"?>
<dc-workflow xmlns:i18n="http://xml.zope.org/namespaces/i18n"
             i18n:domain="plone"
             workflow_id="psc_area_workflow"
             title="PSC Area workflow"
             description="A publication workflow for PloneSoftwareCenter objects"
             state_variable="review_state"
             initial_state="published"
             i18n:attributes="title; description">

 <permission>Access contents information</permission>
 <permission>View</permission>
 <permission>Modify portal content</permission>
 <permission>Add portal content</permission>
 <permission>PloneSoftwareCenter: Add Project</permission>

 <state state_id="closed" title="Closed to the public" i18n:attributes="title">
  <description i18n:translate="">Closed this area to the public</description>
  <exit-transition transition_id="publish"/>
  <permission-map name="Access contents information"
                  acquired="True">
   <permission-role>Member</permission-role>
   <permission-role>Manager</permission-role>
   <permission-role>Owner</permission-role>
   <permission-role>Reader</permission-role>
  </permission-map>
  <permission-map name="Add portal content" acquired="False">
   <permission-role>Manager</permission-role>
   <permission-role>Owner</permission-role>
   <permission-role>Contributor</permission-role>
  </permission-map>
  <permission-map name="Modify portal content"
                  acquired="False">
   <permission-role>Manager</permission-role>
   <permission-role>Owner</permission-role>
   <permission-role>Editor</permission-role>
  </permission-map>
  <permission-map name="PloneSoftwareCenter: Add Project"
                  acquired="False">
   <permission-role>Manager</permission-role>
   <permission-role>Owner</permission-role>
   <permission-role>Contributor</permission-role>
  </permission-map>
  <permission-map name="View" acquired="True">
   <permission-role>Member</permission-role>
   <permission-role>Manager</permission-role>
   <permission-role>Owner</permission-role>
   <permission-role>Reader</permission-role>
  </permission-map>
 </state>

 <state state_id="published" title="Open for submissions" i18n:attributes="title">
  <description i18n:translate="">Open this area to submissions</description>
  <exit-transition transition_id="retract"/>
  <permission-map name="Access contents information"
                  acquired="True">
   <permission-role>Anonymous</permission-role>
   <permission-role>Member</permission-role>
   <permission-role>Manager</permission-role>
   <permission-role>Owner</permission-role>
   <permission-role>Reader</permission-role>
  </permission-map>
  <permission-map name="Add portal content" acquired="True">
   <permission-role>Member</permission-role>
   <permission-role>Manager</permission-role>
   <permission-role>Owner</permission-role>
   <permission-role>Contributor</permission-role>
  </permission-map>
  <permission-map name="Modify portal content"
                  acquired="False">
   <permission-role>Manager</permission-role>
   <permission-role>Owner</permission-role>
   <permission-role>Editor</permission-role>
  </permission-map>
  <permission-map name="PloneSoftwareCenter: Add Project"
                  acquired="True">
   <permission-role>Member</permission-role>
   <permission-role>Manager</permission-role>
   <permission-role>Owner</permission-role>
   <permission-role>Contributor</permission-role>
  </permission-map>
  <permission-map name="View" acquired="True">
   <permission-role>Anonymous</permission-role>
   <permission-role>Member</permission-role>
   <permission-role>Manager</permission-role>
   <permission-role>Owner</permission-role>
   <permission-role>Reader</permission-role>
  </permission-map>
 </state>

 <transition transition_id="publish"
             title="Open area to submissions"
             new_state="published" trigger="USER"
             before_script="" after_script=""
             i18n:attributes="title">
  <description i18n:translate="">Open this area to submissions</description>
  <action url="" category="workflow"
          i18n:translate="title_psc_wf_publish">Publish</action>
  <guard>
   <guard-permission>Modify portal content</guard-permission>
  </guard>
 </transition>

 <transition transition_id="retract" title="Close area"
             new_state="closed" trigger="USER"
             before_script="" after_script=""
             i18n:attributes="title">
  <description i18n:translate="">Close this area</description>
  <action url="" category="workflow"
          i18n:translate="title_psc_wf_retract">Retract</action>
  <guard>
   <guard-permission>Modify portal content</guard-permission>
  </guard>
 </transition>

 <worklist worklist_id="reviewer_queue" title="">
  <description>Reviewer tasks</description>
  <action url="%(portal_url)s/search?review_state=pending"
          category="global">Pending (%(count)d)</action>
  <guard>
   <guard-permission>Review portal content</guard-permission>
  </guard>
  <match name="review_state" values="pending"/>
 </worklist>
 <variable variable_id="action" for_catalog="False"
           for_status="True" update_always="True">
  <description>The last transition</description>
  <default>
   
   <expression>transition/getId|nothing</expression>
  </default>
  <guard>
  </guard>
 </variable>
 <variable variable_id="actor" for_catalog="False"
           for_status="True" update_always="True">
  <description>The ID of the user who performed the last transition</description>
  <default>
   
   <expression>user/getId</expression>
  </default>
  <guard>
  </guard>
 </variable>
 <variable variable_id="comments" for_catalog="False"
           for_status="True" update_always="True">
  <description>Comments about the last transition</description>
  <default>
   
   <expression>python:state_change.kwargs.get('comment', '')</expression>
  </default>
  <guard>
  </guard>
 </variable>
 <variable variable_id="review_history" for_catalog="False"
           for_status="False" update_always="False">
  <description>Provides access to workflow history</description>
  <default>
   
   <expression>state_change/getHistory</expression>
  </default>
  <guard>
   <guard-permission>Request review</guard-permission>
   <guard-permission>Review portal content</guard-permission>
  </guard>
 </variable>
 <variable variable_id="time" for_catalog="False"
           for_status="True" update_always="True">
  <description>Time of the last transition</description>
  <default>
   
   <expression>state_change/getDateTime</expression>
  </default>
  <guard>
  </guard>
 </variable>
</dc-workflow>
